Topic,Article_Name
1,"21_Bauk","Adams-2018-A critical look at cryptogovernance","Ahmed-2022-The Digital and Cyberspace Moderniz","Akhtar-2020-Blockchain based auditable access","Alharbi-2021-A Blockchain Based Secure IoT Sol","Amarasinghe-2022-SUPPLYDECK - A Blockchain-Bas","Ammbika-2019-Block-chain technology -security","Avyukt-2021-A decentralized review system for","Aysan-2021-Blockchain-based solutions in achie","Baashar-2021-Toward blockchain technology in t","Barka-2021-Sthm_ A secured and trusted healthc","Bellavista-2020-An Edge-based Distributed Ledg","Benaich-2022-Securing Big Data-Based Smart App","Beniiche-2021-Robonomics in the 6G Era_ Playin","Besancon-2019-Towards blockchain interoperabil","Besancon-2022-A Blockchain Ontology for DApps","Bhattacharya-2021-Coalition of 6G and Blockcha","Blockchain for Business - 2021 - Tyagi - The S","Blockchain_Technology_Exploring_Opportunities_","Bohara-2021-Adversarial artificial intelligenc","Bornelus-2020-Integrating blockchain technolog","Borse-2022-A Review of Blockchain Consensus Al","Bucchiarone-2021-Guest Editorial Diversificati","Buja-2022-Into the Look_ Security Issues, Cryp","Cano-1990-Coagglutination test (COA) for Crypt","Carlson-2019-Safe artificial general intellige","Carnevale-2020-Ethics and Decisions in Distrib","Casado-Vara-2020-Cooperative algorithm to impr","Centobelli-2022-Blockchain technology design i","Ch-2021-Combining Blockchain Multi Authority a","Chakravarty-2018-Blockchain-enhanced Identitie","Chao-2022-The Study of DeFi in Virtual Communi","Chen-2020-A brief introduction to blockchain e","Chernikov-2020-Waste management industry from","Corrales Compag-2020-Legal Aspects of Decentra","De Villiers-2020-A Three-Tier Framework for Un","Dos Santos-2019-Blockchain_ Status-quo, enable","Du-2019-A blockchain-based random number gener","Dutta-2020-Blockchain vs GDPR in Collaborative","El-dosuky-2019-SPAINChain_ Security, Privacy","El-dosuky-2020-Using IoT and Blockchain for He","El-dosuky-2021-Handling Industrial Consumer Ri","Erfan-2022-Game-theoretic Designs for Blockcha","Faical-2023-A Cyber-Physical System&#x0027;s R","Feng-2018-Competitive Data Trading in Wireless","Fernando-2020-Blockchain-based Wi-Fi offloadin","Ferrag-2021-The Performance Evaluation of Bloc","Finogeev-2018-Blockchain and smart contracts f","Fu-2023-A Survey of Blockchain and Intelligent","Gamage-2020-A Survey on Blockchain Technology","Gamal-2022-Challenges and Opportunities of Blo","Gambhire-2018-Business Potential and Impact of","Gamundani-2018-An Overview of Potential Authen","Gaushik-2022-A Prototype Design for Gamified B","Gheitanchi-2020-An autonomous loyalty program","Gleim-2021-Blockchain_ a game changer for mark","Gracanin-2019-Next generation smart built envi","Grida-2022-Are smart contracts too smart for S","Gürsoy-2020-Using blockchain to log genome dat","Harkanson-2020-A Framework for Decentralized P","Henderi-2022-A Blockchain-Based Framework Gami","Hewa-2022-Demo_ Blockchain-based Secured and F","Hickman-2020-Data sharing_ using blockchain an","Hong-2022-A Study on Corporate Information Ass","Hossain-2022-Cyber Threats and Scams in FinTec","Hu-2020-A Blockchain-Based Reward Mechanism fo","Iqbal-2023-Blockchain Technology and Decentral","Islam-2021-Blockchain-Enabled Intelligent Vehi","Izem-2022-Blockchain technology_ A bibliograph","JSIR 82(01) 50-62","Jain-2021-Framework for Securing IoT Ecosystem","Jain-2022-Tiramisu_ Layering Consensus Protoco","Jaramillo-Alvar-2022-A Blockchain Solution for","Jo-2020-Reliable Blockchain Based Stochastic G","Kera-2020-Anticipatory policy as a design chal","Khaki-2021-Utilizing Blockchain Technologies w","Khanna-2022-Blockchain–Cloud Integration_ A Su","Kim-2019-New blockchain adoptation for automot","Korkmaz-2019-Sustainable Member Motivation Sys","Kurkin-2021-Corporate Database Management on t","Lee-2023-Facing to Latency of Hyperledger Fabr","Li-2021-Discussion on the Influence of 5G and","Lian-2022-Blockchain-Based Secure and Trusted","Libin-2021-Agent-Oriented Modelling for Blockc","Liu-2011-Security model of mobile online games","Lohachab-2022-Towards Interconnected Blockchai","Maestre-2022-The application of blockchain alg","Magdy-2019-IoT Systems Internal Mapping using","Mahapatra-2022-Demonstration of Integration of","Maksymyuk-2019-Blockchain-based intelligent ne","Manchanda-2020-Neoteric security and privacy s","Manzoor-2020-Scavenger hunt_ Utilization of bl","Martins-2019-Collaborative Gamified Approach f","Mecheva-2020-Cybersecurity in intelligent tran","Mishra-2021-Blockchain Technology Empirical St","Mkrttchian-2021-The Impact of Blockchain Techn","Monteiro-2021-APTM_ A model for pervasive trac","Moradi-2018-MetaSyCar_ A System for Metabolic","Musamih-2022-NFTs in Smart Cities_ Vision, App","Nabeeh-2022-Evaluation of Production of Digita","Nguyen-2019-Enabling On-demand decentralized I","Nikhil-2022-Instigating Decentralized Apps wit","Nugraha-2021-Improving multi-sport event ticke","Ozpinar-2023-A Hyper-Integrated Mobility as a","Paduraru-2022-Enhancing the security of gaming","Parizi-2018-On the understanding of gamificati","Pittaras-2021-Beacons and blockchains in the m","Predescu-2021-A serious gaming approach for cr","Puglisi-2022-Evolving Regulatory Frameworks_ B","Raghav-2022-Reimaging Indian Healthcare using","Ragnoni-2021-System and Methods for Blockchain","Rahman-2020-A feedback system using blockchain","Rajashekaragoud-2020-Block-chain implementatio","Ramesh-2022-Under lock and key_ Incorporation","Rawat-2018-IShare_ Blockchain-Based Privacy-Aw","Saleh-2020-Practical Privacy Measures in Block","Saltykov-2018-Theory Game as Priority Area of","Samanta-2021-ToSSecC_ Two-Stage Solution for S","Samanta-2023-Secure 6G Communication in Smart","Saritha-2021-Integration of Artificial Intelli","Schulz-2019-A multichain architecture for dist","Shah-2021-A Framework for Designing Self-susta","Shaheen-2021-A track donation system using blo","Sharma-2021-Divergent applications of Blockcha","Sharma-2022-Frontiers of Blockchain for Railwa","Shcherba-2021-Blockchain and games_ A novel mi","Sifah-2020-BEMPAS_ A Decentralized Employee Pe","Singh-2018-Blockchain_ A game changer for secu","Smirnov-2019-Robot Coalition Formation Based o","Smirnov-2020-Usage of Smart Contracts with FCG","Stepanyan-2022-Neuroeconomic Modeling of Distr","Stifter-2019-Avoiding Risky Designs When Using","Suchaad-2018-Blockchain use in home automation","Sudeep-2022-Blockchain_ A New Era of Technolog","Sunny-2022-Blockchain-enabled beer game_ a sof","Surekha-2022-Blockchain Framework for Cognitiv","Swathi-2021-An analysis on blockchain consensu","Ten-2022-Engineering Blockchain Enabling Win A","Terzi-2022-A Life-Long Learning Education Pass","Thomas-2022-Gallery Defender_ Integration of B","Tomaz-2022-Blockchain-based whistleblowing ser","Truong-2023-Blockchain Meets Metaverse and Dig","Veeningen-2018-Using serious gaming to discove","Verma-2023-Application of Machine Learning in","Voicu-Dorobantu-2021-Using Blockchain for Opti","Wanganoo-2021-Harnessing Smart Integration_ Bl","Waseem-2023-Incorporation of Blockchain Techno","Wenhao-2020-A Blockchain-Based Online Game Des","Wernbacher-2022-HotCity—A Gamified Token Syste","Yang-2021-Design and Implementation of Energy","Yfantis-2022-Using Gamification to Address the","Zeng-2022-WANA Wallet_ The Application Design"
2,10.3934%2Fjimo.2020049,Aizawa-2016-Invariant partial differential equ,Asheralieva-2021-Bayesian Reinforcement Learni,Asheralieva-2021-Learning-Based Mobile Edge Co,Bartoletti-2021-A Theory of Automated Market M,Bartoletti-2022-A THEORY OF AUTOMATED MARKET M,Bojinov-2014-Neuroscience meets cryptography_,Dimitri-2022-Quadratic Voting in Blockchain Go,Li-2020-Trace-Based Dynamic Gas Estimation of,Liu-2019-Distributed K-Anonymity Location Priv,Pickhardt-2020-Imbalance measure and proactive,Sampath-2020-Spot collaborative shipping sans,Xu-2021-A game-theoretic analysis of cross-cha,Zhang-2020-On modeling blockchain-enabled econ
3,Arif-2020-A Blockchain-Based Multiplayer Trans,Bai-2022-Public Participation Consortium Block,Bai-2022-Understanding the Benefit of Being Pa,Bu-2021-Validating Knowledge Contents with Blo,Chen-2021-User distributions in shard-based bl,Chen-2022-TIPS_ Transaction Inclusion Protocol,Du-2019-Anlysis and design of activity degree,Ferreira-2019-A Blockchain and Gamification Ap,Fu-2019-Bead Strand Model_ a high-efficiency s,Hu-2020-A Correlated Equilibrium based Transac,Hu-2020-Blockchain-Aided Flow Insertion and Ve,Hu-2021-Securing SDN-Controlled IoT Networks t,Kruminis-2022-Game-Theoretic Analysis of an Ex,Li-2018-Blockchain queue theory,Li-2018-Transaction Queuing Game in Bitcoin Bl,Li-2019-Bitcoin Fee Decisions in Transaction C,Li-2022-A Novel GSP Auction Mechanism for Dyna,Li-2022-Analyzing Bitcoin transaction fees usi,Liu-2020-Economics of Blockchain Storage,Liu-2022-A Storage Sustainability Mechanism Wi,Liu-2022-An Incentive Mechanism for Sustainabl,Liu-2022-Blockchain Based Offloading Strategy_,Liyuan-2019-E2C-Chain_ A two-stage incentive e,Okanami-2020-Load balancing for sharded blockc,Okanami-2022-Load Balancing with In-Protocol_W,Oktian-2019-Serious game for blockchain educat,Qi-2020-Nash Equilibrium and Social Optimizati,Qi-2022-Security Evaluation Model of Blockchai,Riehl-2020-Transaction Pricing for Maximizing,Shashikiran-2021-Minimal Block Knight’s Tour a,Tao-2020-On sharding open blockchains with sma,Wang-2021-A MADM Location Privacy Protection M,Wu-2020-Group Activity Matching with Blockchai,Xu-2021-An Optimal Stability Matching Algorith,Yan-2020-Dynamic Game Model for Ranking Bitcoi,Zhu-2020-Pricing strategy and system performan
4,"Alhojärvi-2020-Hacking finance_ experiments wi","Bolsens-2020-Scalable system and silicon archi","Delfabbro-2021-The psychology of cryptocurrenc","Delic-2022-Profiling the Potential Risks and B","Egozcue-2002-Diploid sperm and the origin of t","Grillo-2022-Fashion and Metaverse_ an exposito","Hughes-2017-Blockchain, The Greater Good, and","Kiayias-2020-A puff of steem_ Security analysi","Kosmarski-2021-Anthropology and blockchain","Kuehn-2021-A Practical Tool-Chain for the Deve","Li-2018-CAPTCHA_ Machine or human solvers_ a g","Miranda-2022-Quantum Brain Networks_ A Perspec","Mishra-2020-Prospero’s Books_ A Distributed Ar","Niu-2021-Impacts of Managerial Overconfidence","Peters-2021-Building human security and an ent","Qin-2021-An empirical study of DeFi liquidatio","Ramamurthy-1992-High-Performance Liquid Chroma","Salau-2021-Data cooperatives for neighborhood","Sharma-2021-Game of names_ Blockchain premium","Taghavi-2018-Cloudchain_ A blockchain-based co","Tuomas Harviain-2022-Cryptogames as Drivers fo","Veuger-2018-Trust in a viable real estate econ","Webster-2018-Sharing is Caring_ Collaborative","Zhang-2022-DeFi '22_ ACM CCS Workshop on Decen"
5,"Arora-2022-Smart Contracts and NFTs_ Non-Fungi","Asgaonkar-2019-Solving the Buyer and Seller's","Bacis-2021-I Told You Tomorrow_ Practical Time","Badash-2021-Blockchain-based bug bounty framew","Bamakan-2022-Patents and intellectual property","Benini-2021-Power and Pitfalls of Generic Smar","Boron-2021-Alternative authentication with sma","Chatterjee-2018-Quantitative analysis of smart","Chatterjee-2019-Probabilistic smart contracts_","Chen-2019-Lottery dapp from multi-randomness e","Chen-2020-A Survey on Ethereum Systems Securit","Chepurnoy-2019-Multi-stage Contracts in the UT","Chuang-2020-TIDES_ A Trust-Aware IoT Data Econ","Distefano-2020-MOATcoin_ Exploring challenges","Du-2022-Anti-Collusion Multiparty Smart Contra","Eisele-2022-Decentralized Computation Market f","Ellul-2022-SoliNomic_ A Self-modifying Smart C","Galal-2023-Aegis_ Privacy-Preserving Market fo","Gamidullaeva-2019-Smart contracts for multi-ag","Giraldo-2020-Electronic Voting Using Blockchai","Goharshady-2021-Irrationality, Extortion, or T","Gürsoy-2020-Using Ethereum blockchain to store","Hannon-2019-Bitcoin payment-channels for resou","Harris-2019-Decentralized and collaborative AI","He-2019-A Smart Contract Grammar to Protect Io","He-2020-Smart Contract Vulnerability Analysis","He-2021-Fair Peer-to-Peer Content Delivery via","He-2023-Blockchain-Based P2P Content Delivery","Hu-2020-Analyzing smart contract interactions","Huh-2019-XR collaboration architecture based o","Ibba-2022-Analysis of the Relationship between","Ji-2021-Security Analysis of Blockchain Smart","Jia-2019-DeLottery_ A novel decentralized lott","Kalra-2018-Blockchain-based real-time cheat pr","Kanemura-2018-Design of privacy-preserving mob","Kedziora-2020-Anti-Cheat tool for detecting un","Li-2019-Decentralized release of self-emerging","Li-2020-Dynamic Gas Estimation of Loops Using","Liao-2017-Design of a Blockchain-Based Lottery","Liao-2018-Applications of blockchain technolog","Liu-2020-Towards automated verification of sma","Lu-2022-Say No to Price Discrimination_ Decent","Lu-2022-_sc_iQuery__sc__ A Trustworthy and Sca","McCorry-2017-Atomically trading with roger_ Ga","McCorry-2020-You Sank My Battleship! A Case St","Mercan-2022-Blockchain-Based Two-Factor Authen","Merrad-2022-Robust Decentralized Proof of Loca","Migliorini-2019-A Blockchain-based solution to","Migliorini-2019-The Rise of Enforceable Busine","Min-2019-A security case study for blockchain","Moti-2020-Orthos_ A Trustworthy AI Framework f","Nam-2022-Formal Verification of Blockchain Sma","Neiheiser-2020-HRM smart contracts on the bloc","Pan-2019-Building a blockchain simulation usin","Patel-2021-GiNA_ A Blockchain-based Gaming sch","Sahitya-2021-D-Lotto_ The Lottery DApp with Ve","Sel-2018-Towards solving the data availability","Siomos-2019-Syriza's Populism_ Testing and Ext","Spoto-2022-On the use of generic types for sma","Tang-2022-A Graph Neural Network-based Code Re","Tikhomirov-2018-Ethereum_ State of knowledge a","Toyoda-2019-Mechanism Design for An Incentive-","Trojanowska-2020-Secure Decentralized Applicat","Wu-2022-CCOM_ Cost-Efficient and Collusion-Res","Xia-2017-Enhanced TLS handshake authentication","Zhao-2019-Y-DWMS_ A digital watermark manageme","Zhu-2019-A proposal for account recovery in de","Zhu-2022-Making Smart Contract Classification"
6,Akgul-2022-Blockchain-based Cryptocurrency Pri,Anoaica-2018-Quantitative Description of Inter,Bauer-2020-Is there a market for trusted car d,Baur-2015-Cryptocurrencies as a disruption_ em,Campbell-2018-Digitalization of tax_ Epistemic,Gomez-2022-Watch Your Back_ Identifying Cyberc,Huang-2017-Behavior pattern clustering in bloc,Huang-2022-Temporal Analysis of Transaction Eg,Huang-2022-Who is gambling_ Finding cryptocurr,Jin-2022-Detecting Arbitrage on Ethereum Throu,Kerr-2018-How can legislators protect sport fr,Krasnoselskii-2023-KRAMER_ Interpretable Rarit,Lin-2019-An Evaluation of Bitcoin Address Clas,Lischke-2016-Analyzing the bitcoin network_ Th,Liu-2021-Characterizing key agents in the cryp,Nguyen-2022-SoChainDB_ A Database for Storing,Parikh-2019-GaN Power Commercialization with H,Phillips-2020-Tracing Cryptocurrency Scams_ Cl,Read-2020-Libra Project_ Regulators Act on Glo,Rozman-2021-Emergence of a scale-free network,Saxena-2022-Integration of Back-Propagation Ne,Scholten-2020-Inside the decentralised casino_,Seneviratne-2022-Blockchain for Social Good_ C,Sun-2022-GAME-BC_ A Graph Attention Model for,Tasca-2018-The evolution of the bitcoin econom,Tekiner-2021-SoK_ Cryptojacking malware,Toyoda-2018-Multi-Class Bitcoin-Enabled Servic,White-2022-Characterizing the OpenSea NFT Mark,Zhang-2020-Transaction community identificatio,Zhou-2022-Behavior-Aware Account De-Anonymizat,Zola-2019-Bitcoin and cybersecurity_ Temporal,Zola-2020-Generative Adversarial Networks for
7,"Alzahrani-2020-A new product anti-counterfeiti","Anderson-2006-Cryptographic processors - A sur","Ayaz-2020-A Voting Blockchain based Message Di","Ayaz-2021-A Proof-of-Quality-Factor (PoQF)-Bas","Ayaz-2021-Blockchain-Enabled Security and Priv","Bala-2022-A novel game theory based reliable p","Barhanpure-2019-Proof of stack consensus for b","Bhat-2020-Evaluation and design of performable","Bi-2023-IoT_ A Decentralized Trust Management","Bordel-2022-Distributed Trust and Reputation S","Cambou-2020-Securing additive manufacturing wi","Chen-2019-Secure Electricity Trading and Incen","Chen-2023-DSVN_ A Flexible and Secure Data-Sha","Cheng-2022-A Blockchain-Based Trust Model for","Christodoulou-2020-Consensus crash testing_ Ex","Dai-2018-Learning Based Security for VANET wit","Dey-2019-Securing Majority-Attack in Blockchai","Dong-2018-A method of image privacy protection","Dookie-2020-Building an Inclusive Distributed","Ehara-2019-How to generate transparent random","El-Dosuky-2019-DOORchain_ Deep Ontology-Based","Fernando-2022-Proof of Sense_ A Novel Consensu","Fournaris-2008-Creating an Elliptic Curve arit","Gamage-2000-High performance agile crypto modu","Ge-2021-A Privacy Protection Method of Lightwe","Ghajar-2022-Schloss_ Blockchain-Based System A","Großschädl-2000-High-Speed RSA hardware based","Guo-2022-Blockchain-based Reputation Evaluatio","Gupta-2019-Colosseum_ A scalable permissioned","Gupta-2022-Game Theory‐Based Authentication Fr","Hammoud-2022-A Novel Blockchain-Integrated Dis","Hao-2012-Mixed-strategy game based trust manag","He-2018-A Blockchain Based Truthful Incentive","He-2019-Securing over-the-air IoT firmware upd","Hemati-2021-An incentive compatible reward sha","Hu-2020-Sync or Fork_ Node-Level Synchronizati","Hu-2021-Blockchain-based public ecosystem for","Jiang-2022-GaS-PBFT_ A Game-based Node Selecti","Kaddoura-2022-SH-P2P_ Self-Healing Peer-to-Pee","Karakus-2021-QoSChain_ Provisioning Inter-AS Q","Khalid-2021-A Secure Trust Method for Multi-Ag","Kim-2021-Enhanced IoV security network by usin","Kim-2022-Multi-Layered Blockchain Governance G","Kumar-2020-Lightweight proof of game (LPoG)_ A","Kumar-2021-Proof of Game (PoG)_ A Proof of Wor","Liao-2020-Proof-of-balance_ Game-theoretic con","Ling-2022-Hash Access in Blockchain Radio Acce","Ma-2019-Design of Routing Incentive Protocol f","Manshaei-2018-A Game-Theoretic Analysis of Sha","Mondal-2020-BIND_ Blockchain-based flow-table","Ni-2019-Evolutionary Game for Consensus Provis","Paşca-2018-Challenges in cyber security_ Ranso","Patel-2021-Blockchain-Envisioned Trusted Rando","Qi-2022-Collusion Attack Analysis and Detectio","Qiao-2020-Dynamic autonomous cross consortium","Quan-2021-Intra-Shard and Inter-Shard Collabor","Raju-2017-Identity management using blockchain","Rana-2022-Free2Shard_ Adversary-resistant Dist","Rani-2022-Improvement of energy conservation u","Sadkhan-2019-Hybrid Strategies for Choosing Su","Sako-2022-Distributed Random Number Generation","Sandaruwan-2020-Towards an Efficient and Secur","Seo-2022-Reminisce_ Blockchain Private Key Gen","Shao-2019-Blockchain-Based SDN Security Guaran","Sharadqh-2023-Hybrid Chain_ Blockchain Enabled","Shrivastava-2022-Designing a Secure Vehicular","Simmons-1985-The subliminal channel and digita","Stodt-2023-Introducing a Fair Tax Method to Ha","TSP_CMC_24794","TSP_CMC_32549","TSP_CSSE_25461","Thakur-2020-Collusion Attack from Hubs in The","Tian-2020-Research on distributed blockchain-b","Tošić-2021-A DECENTRALIZED AUTHORITATIVE MULTI","Uushona-2021-Network Forensics in a BYOD Envir","Valli Kumari-2010-Secure group key distributio","Wang-2022-A Blockchain Consensus Protocol Base","Wei-2021-A Modified Blockchain DPoS Consensus","Wijayathilaka-2020-Secured, intelligent blood","Wilczyński-2022-Blockchain-Based Task and Info","Wu-2023-Master-Slave Blockchain Framework_ Cro","Xu-2021-WChain_ A Fast Fault-Tolerant Blockcha","Yakubu-2023-A Privacy-Enabled, Blockchain-Base","Yun-2019-MMOG user participation based decentr","Zhai-2022-Research on the Storage and Sharing","Zhang-2020-High-quality extraction method of e","Zhu-2020-An Improved Proof-of-Trust Consensus","Zhukov-2019-Fintech ecosystem the largest priv"
8,"Abegaz-2023-Blockchain-Based Resource Trading","Cao-2023-Blockchain Systems, Technologies, and","Casado-Vara-2019-Blockchain-based distributed","Chai-2021-A Hierarchical Blockchain-Enabled Fe","Esposito-2018-Securing collaborative deep lear","Fan-2022-Mobile Devices Strategies in Blockcha","Gao-2019-Blockchain enabled distributed cooper","Ghanem-2022-FLoBC_ A Decentralized Blockchain-","Guo-2021-Enabling Massive IoT Toward 6G_ A Com","Jayaprakash-2021-A systematic review of energy","Kapsammer-2017-IVOLUNTEER - A digital ecosyste","Liao-2021-Information-centric massive iot-base","Mothukuri-2022-FabricFL_ Blockchain-in-the-Loo","Qi-2022-High-Quality Model Aggregation for Blo","Qu-2021-Proof of Federated Learning_ A Novel E","Qu-2022-Future Research Directions","Rahman-2019-A Blockchain-Based Non-Invasive Cy","Ren-2022-AI-Bazaar_ A Cloud-Edge Computing Pow","Tang-2022-Incentivizing Proof-of-Stake Blockch","Wang-2022-InFEDge_ A Blockchain-Based Incentiv","Wang-2023-Distributed and Secure Federated Lea","Wang-2023-Incentive Mechanism Design for Joint","Weng-2021-FedServing_ A federated prediction s","Zheng-2019-FinBrain_ when finance meets AI 2.0"
9,"Cao-2022-Evolutionary Game of Supply Chain All","Chen-2022-DIM-DS_ Dynamic Incentive Model for","Chen-2022-Toward Prevention of Parasite Chain","Cheng-2023-Incentive-Driven Information Sharin","Du-2019-A biform game approach to preventing b","Feng-2019-Dynamic Sensor Renting in RF-powered","Han-2022-A Two-layer Game-based Incentive Mech","Hu-2021-Decentralized Consensus Decision-Makin","Jia-2018-A blockchain-based location privacy p","Jin-2018-Evolutionary game analysis on permiss","Kim-2022-Advanced Drone Swarm Security by Usin","Kovacs-2021-A collaborative game theory approa","Li-2019-DQN for Multi-layer Game Based Mining","Lou-2018-Research on the Cooperative Behavior","Lv-2020-Blockchain based spectrum sensing_ A g","Pan-2021-Incentive Mechanism Design for Distri","Qin-2021-Malice-Aware Transaction Forwarding i","Qin-2022-Generous or Selfish_ Weighing Transac","Shan-2021-Research on Collaborative Governance","Sun-2022-A Novel Layered GSP Incentive Mechani","Torky-2022-Scheduling and Securing Drone Charg","Wang-2022-BSIF_ Blockchain-Based Secure, Inter","Xin-2020-Stability and Hopf Bifurcation of a S","Xin-2022-Incentive and Game of Information Sha","Xu-2022-A Survey of Blockchain-Based Crowd Sen","Xu-2022-Research on Blockchain in Cloud Manufa","Ye-2021-A Recommendation Scheme with Reputatio","Yu-2023-Evolutionary Game of Digital-Driven Ph","Zhang-2020-Game-theoretic Modeling and Stabili","Zhang-2021-A Transaction Transmission Model fo","Zhang-2021-Cooperation Mechanism in Blockchain","Zhang-2023-Dynamic Evolutionary Game-based Mod","Zhang-2023-Transaction transmission model for","Zhao-2022-Evolutionary Game and Simulation Res","Zhao-2022-Research on Information Propagation","Zheng-2022-Cooperative Spectrum Sensing and Fu","Zhou-2022-Blockchain-based Stackelberg Game Op"
10,"1903.11172","Adler-2018-Astraea_ A Decentralized Blockchain","Alghabashi-2018-A finite multi-dimensional gen","Alzahrani-2018-Towards true decentralization_","Amoussou-Guenou-2021-Rational Behaviors in Com","Antoniou-2023-Financial Data, Blockchain, Deci","Avarikioti-2019-Payment Networks as Creation G","Avarikioti-2020-Ride the Lightning_ The Game T","Belotti-2020-Game theoretical analysis of cros","Benaddi-2021-Securing IoT Transactions Against","Bespalov-2022-Game theory analysis of incentiv","Bracciali-2021-Decentralization in open quorum","Breiki-2022-Trust Evolution Game in Blockchain","Brunjes-2020-Reward Sharing Schemes for Stake","Bu-2020-Toward Blockchain-Assisted Gamified Cr","Chen-2017-Decentralized execution of smart con","Chen-2019-The game among bribers in a smart co","Chen-2021-An incentive-compatible rational sec","Chen-2022-ABSNFT_ Securitization and Repurchas","Chen-2022-Maximal Information Propagation via ","Chen-2023-Gacha Game Analysis and Design","Cheng-2018-A hashing power allocation game in","Cheng-2021-A hashing power allocation game wit","Cu-2021-Blockchain-Based Governance in Fractio","Dhamal-2023-A game theoretic framework for dis","Dubovitskaya-2021-A Game-Theoretic Analysis of","Gersbach-2020-Vote Delegation and Malicious Pa","Guo-2020-Resource allocation for edge computin","Hall-Andersen-2021-Game Theory on the Blockcha","Hubáček-2013-Limits on the power of cryptograp","Islam-2022-Transparency-privacy Trade-off in B","Khezr-2022-Towards a Trustful Game-Theoretic M","Kiayias-2021-Incentives against power grabs or","Kim-2019-Two-phase cooperative bargaining game","Kovalchuk-2023-A Game-Theoretic Analysis of De","Lee-2019-Strategies for quantum races","Li-2019-BanFEL_ A Blockchain Based Smart Contr","Li-2020-Security analysis of paxos mechanism d","Lohr-2022-Formalizing Cost Fairness for Two-Pa","Mazorra-2022-Price of MEV_ Towards a Game Theo","McMenamin-2021-Achieving state machine replica","McMenamin-2022-FairTraDEX_ A Decentralised Exc","Narang-2019-Design of Trusted B2B Market Platf","Pan-2021-Dividend or No Dividend in Delegated","Paul-2020-Smart Contract-Driven Mechanism Desi","Ranchal-Pedrosa-2021-Rational Agreement in the","Ranchal-Pedrosa-2022-Trap_ The Bait of Rationa","Sadkhan-2019-Best Strategies of Choosing Crypt","Salau-2022-Making Blockchain Validators Honest","Saleh-2007-Verifying security properties of cr","Schwartzbach-2021-An incentive-compatible smar","Slavnenko-2021-Enhancing Privacy Through DMMA_","Spiegelman-2021-Game of coins","Taghizadeh-2020-Mean Field Game for Equilibriu","Tochner-2020-How to Pick Your Friends A Game T","Varma-2023-A Non-Cooperative Resource Utilizat","Wang-2022-Why Riding the Lightning_ Equilibriu","Yan-2022-Collusion-free for Cloud Verification","Zappalà-2021-Game theoretical framework for an","Zhang-2022-Economic Analysis of Decentralized"
11,"Agbo-2021-Scientific production and thematic b","Agmon-2022-Distributed Ledger Technology (DLT)","Batarlienė-2021-Claims solutions using a block","Block-2021-The entrepreneurial finance markets","Bonifazi-2023-Performing Wash Trading on NFTs_","De Boeck-2023-Data, analytical techniques and","Dhewanto-2022-Towards Policy Development of En","Ding-2023-Blockchain Adoption among Multi-Stak","Duh-2019-Publish-and-flourish_ Using blockchai","Espina-Romero-2022-What Are the Topics That Bu","Filippova-2019-Empirical evidence and economic","Fosso Wamba-2019-Continuance intention in bloc","Gambo-2021-Effect of the Fourth Industrial Rev","Gao-2021-An empirical study on the adoption of","Goyanes-2020-Value and Intelligence of Busines","Jain-2020-Blockchain in logistics industry_ in","Jha-2023-COVID-19 Triggers a Paradigm Shift in","Kanchanaratanak-2022-Opportunities and Barrier","Kolesnikov-2020-Efficient and secure logistics","Lado-2019-Behavioral Dynamics and Regulation o","Liao-2022-A Federated Blockchain Approach for","Luo-2022-Comparative Research on the Game Beha","Manzoor-2022-Blockchain technology in supply c","Mou-2021-Game-Theoretic Analysis on CBDC Adopt","Naderi-2022-Leveraging Blockchain Technology a","Patrickson-2021-What do blockchain technologie","Polas-2022-Blockchain Technology as a Game Cha","Proskuryakov-2021-Predictive-Free Methods for","Pu-2021-The Impact of Covid-19 on Blockchain A","Qiang-2021-Block chain algorithm rationality o","Quiles Pérez-2021-Breaching Subjects' Thoughts","Razmjooei-2023-Industry 4.0 research in the ma","Serna Gómez-2021-Advances, Opportunities, and","Su-2021-Visualizing sustainable supply chain m","Su-2022-Blockchain-Driven Optimal Strategies f","Sun-2021-Evolutionary game analysis of blockch","Thrassou-2022-An Overview of Business Advancem","Wan-2022-Evolutionary game study on the govern","Wang-2021-Application of blockchain technology","Xie-2022-Study on Enterprise Financial Risk Pr","Xiong-2021-Security and Privacy in Mobile Crow","Yang-2023-Non-Fungible Token (NFT) Games_ A Li","Zandee-2022-Aiming for bullseye_ a novel gamep","Zhang-2023-Multi-Party Evolutionary Game Analy","Zhao-2022-Evolutionary game of banks and enter","Zheng-2022-Blockchain-based intelligent contra","Zhou-2021-Game Analysis of _Blockchain+Supply","Zhu-2023-Three-Party Stochastic Evolutionary G"
12,"Ahmad-2022-MOOC 5.0_ A Roadmap to the Future o","Aini-2022-iLearning education based on gamific","Al Shehhi-2022-Using a Hybrid Approach of Game","Bezerra-2022-Teaching software processes from","Bhattacharya-2023-Towards Future Internet_ The","Bucea-Manea-țon-2021-Blockchain technology enh","Bucea-Manea-țon-2022-Artificial Intelligence P","Canbay-2022-Privacy Concerns and Measures in M","Choi-2022-Blockchain-Centered Educational Prog","Choi-2022-Development of Blockchain Learning G","Çulha-2022-Gamification of Open Inquiry-based","Davidová-2022-Co-De_GT_ The Gamification and T","Dettling-2020-Bloxxgame – A Simulation Game fo","Feng-2022-An analysis of the current status of","Gamidullaeva-2023-A Design Concept for a Touri","González-Tablas-2020-Shuffle, cut, and learn_","Huang-2020-Fair and Protected Profit Sharing f","Huang-2023-Profit Sharing for Data Producer an","Hudson‐smith-2022-Incoming Metaverses_ Digital","Kim-2021-Adding Interactivity to Education of","Lara-2020-Special issue on the current trends","Lin-2022-Metaverse in Education_ Vision, Oppor","Mahapatra-2022-A Hybrid Connected Approach of","Panachev-2021-Application of blockchain techno","Silvestru-2022-Smart Academic and Professional","Sun-2022-Matrix World - A Programmable 3D Mult","Suvajdzic-2020-Discover DaVinci - A Gamified B","Uribe-Saldarria-2022-What If_ A Robot Challeng","Weng-2019-Integrating the Combination of Block","Wu-2018-Design of Evaluation System for Digita","Xiaolin-2020-Combined output optimization base","Xin-2020-Reciprocal crowdsourcing_ Building co","Yang-2022-Fusing Blockchain and AI With Metave","Yau-2022-Powering Financial Literacy Through B","Zagar-2021-Distributed applications in gamific"
13,Afaq-2022-Mobile-based Patient-centric EMR Sha,Akkaoui-2020-An Evolutionary Game-Theoretic Tr,Bataineh-2020-A game-based secure trading of b,Driessen-2021-Validated Data Quality Assessmen,Gammon-2018-Experimenting with blockchain_ Can,Gheitanchi-2020-Gamified service exchange plat,He-2018-Toward Privacy-Assured Health Insuranc,Huang-2021-Privacy-Enhanced Crowdsourcing Data,Huang-2023-Blockchain-Assisted Personalized Ca,Jiang-2022-IIoT Data Sharing Based on Blockcha,Kakkar-2022-Block-CPS_ Blockchain and Non-Coop,Kordestani-2020-HapiChain_ A Blockchain-based,Li-2019-EdgeCare_ Leveraging Edge Computing fo,Li-2021-Healthchain_ Secure EMRs Management an,Lu-2023-Safety Warning! Decentralised and Auto,Nie-2022-Blockchain-Empowered Secure and Priva,Pandi-Perumal-2021-The Blockchain Never Sleeps,Peng-2022-Blockchain-assisted D2D Data Sharing,Rizwan-2021-SAID_ ECC-Based Secure Authenticat,Shi-2022-Threat Intelligence Sharing Model and,Vakilinia-2023-An Incentive-Compatible Mechani,Vishwa-2019-A Blockchain based approach for mu,Wu-2020-Game theory for mobile location privac,Xu-2020-Data Pricing for Blockchain-based Car,Yang-2021-PMAB_ A Public Mutual Audit Blockcha,Yin-2021-A Blockchain-Based Storage System wit,Zhou-2021-Data Trading for Blockchain-Based Da,Zhu-2019-An Incentive Mechanism Using Shapley
14,Aruna-2020-Highly secured blockchain based ele,Hardwick-2018-E-Voting with Blockchain_ An E-V,Lopez‐barreiro-2022-Use of Blockchain Technolo,Moore-2022-Fortuna_ A Novel Staked Voting Syst,Trovò-2021-Ants-Review_ A Privacy-Oriented Pro,Zhou-2018-Trustworthy cloud service level agre,Zhou-2019-A Blockchain based Witness Model for,Zhou-2021-Enforcing trustworthy cloud SLA with
15,Mazumdar-2022-Strategic Analysis of Griefing A,Nabi-2020-Game-Theoretic Analysis of an Incent,Potop-Butucaru-2021-Blockchains and the Common,Tsabary-2021-MAD-HTLC_ Because HTLC is crazy-c,Zappalà-2020-Brief announcement_ Game theoreti
16,Amir Latif-2019-Blockchain Transforms the Reta,Armani-2019-Seamless Grid_ An off-chain model,Asheralieva-2020-Reputation-Based Coalition Fo,Choi-2019-Game theoretical approach of blockch,El Gamal-2019-A Single Coin Monetary Mechanism,Feng-2018-Cyber Risk Management with Risk Awar,Feng-2021-On Cyber Risk Management of Blockcha,He-2022-NetChain_ A Blockchain-Enabled Privacy,Hewa-2023-Blockchain-Based Network Slice Broke,Hu-2022-BC-MCSDT_ A Blockchain-based Trusted M,Huang-2019-Implementing an asset trading syste,Jiang-2023-Reliable Distributed Computing for,Khaikaew-2020-Development of the Voting System,Laih-1989-A new scheme for ID-based cryptosyst,Li-2021-Cyber Insurance Design for Validator R,Liang-2022-GAIMMO_ A Grade-driven Auction-base,Pu-2020-Blockchain adoption time of shipowners,Srinivasan-2020-Hierarchical design and execut,Wang-2018-Decentralized Caching for Content De,Wang-2020-Game Strategy of Environmental Regul,Wang-2021-DCrowd_ A Decentralized Service Mode,Wang-2022-TSHML_ Token Shuffling under Haircut,Xu-2018-An Energy-Aware Virtual Machine Schedu,Xu-2019-A blockchain-enabled trustless crowd-i,Xu-2020-Improving the Efficiency of Blockchain,Yang-2022-User-Centric Blockchain for Industry,Zhao-2022-A Distributed Photovoltaic Power Tra,Zhao-2022-Scheme of Peer-to-Peer Trade in Mult
17,"Abishu-2022-Consensus Mechanism for Blockchain","Alamer-2018-A Privacy-preserving incentive fra","Ayaz-2022-A Blockchain Based Federated Learnin","Boateng-2022-Blockchain-Enabled Resource Tradi","Boateng-2022-Consortium Blockchain-Based Spect","Cao-2021-A Multi-Agent Reinforcement Learning","Cao-2022-Hierarchical Reinforcement Learning f","Chai-2019-Proof-of-Reputation Based-Consortium","Chang-2020-Incentive Mechanism for Edge-Comput","Chang-2021-Blockchain-Empowered Drone Networks","Chen-2020-A Secure Content Sharing Scheme Base","Chen-2022-Internet of Vehicles Resource Schedu","Chen-2022-Joint pricing and task allocation fo","Cheng-2022-SBA-GT_ A Secure Bandwidth Allocati","Ding-2021-An Incentive Mechanism for Building","Ding-2022-A Peer-2-Peer Management and Secure","Ding-2022-Pricing and Budget Allocation for Io","Du-2022-Blockchain-Aided Edge Computing Market","Fu-2023-Game model of optimal quality experien","Guo-2020-Blockchain Meets Edge Computing_ Stac","Guo-2021-A Blockchain-Enabled Ecosystem for Di","Guo-2022-An Architecture for Distributed Energ","Guo-2022-Incentive Mechanism for Edge Computin","Han-2019-Blockchain Based Spectrum Sharing Alg","Hassan-2020-DEAL_ Differentially Private Aucti","Hassija-2020-A Distributed Framework for Energ","Hassija-2020-A Framework for Secure Vehicular","Hassija-2020-DAGIoV_ A Framework for Vehicle t","Hu-2020-An Evolutionary Game Assisted Spectrum","Hu-2022-Leveraging Blockchain for Multi-Operat","Jiao-2019-Auction mechanisms in cloud_fog comp","Kakkar-2022-Blockchain and Stackleberg Game-ba","Kakkar-2022-Blockchain and Zero-Sum Game-based","Kakkar-2022-Coalition Game and Blockchain-Base","Kang-2019-Incentivizing consensus propagation","Li-2018-Consortium blockchain for secure energ","Li-2021-Security Transaction Mechanism of Ener","Li-2023-Multi-Operator Dynamic Spectrum Sharin","Lin-2019-Making Knowledge Tradable in Edge-AI","Liu-2019-A Novel Debt-Credit Mechanism for Blo","Liu-2019-Optimal Pricing Mechanism for Data Ma","Liu-2020-A Distributed Game Theoretic Approach","Liu-2020-Efficient QoS Support for Robust Reso","Nguyen-2020-Blockchain and Stackelberg Game Mo","Nguyen-2022-BlockRoam_ Blockchain-Based Roamin","Nguyen-2022-MetaChain_ A Novel Blockchain-base","Qiu-2020-Blockchain-Based Secure Spectrum Trad","Ramneek-2022-A Lightweight and Secure Vehicula","Shao-2021-On Strategic Interactions in Blockch","Suo-2023-Proof of Travel for Trust-Based Data","Taghavi-2020-A Blockchain-Based Model for Clou","Tian-2022-Efficient Mobile Vehicle Data Sharin","Tsaousoglou-2020-Truthful, Practical and Priva","Venkateswararar-2022-BandBlock_ Bandwidth allo","Wang-2019-A secure private charging pile shari","Wang-2022-A Secure and Efficient Wireless Char","Wang-2022-Blockchain-Based Secure and Cooperat","Wu-2021-Enhanced Game Theoretical Spectrum Sha","Xi-2019-Perishable digital goods trading mecha","Xia-2020-A Bayesian Game Based Vehicle-to-Vehi","Xie-2021-Secure Data Sharing in UAV-assisted C","Xing-2022-UAVs Assisted Secure Blockchain Offl","Xing-2022-UAVs-Aided Delay-Tolerant Blockchain","Xiong-2018-Optimal pricing-based edge computin","Xiong-2019-Cloud_fog computing resource manage","Xiong-2020-Cloud_Edge Computing Service Manage","Xu-2021-Edge Computing Resource Allocation for","Xu-2021-URIM_ Utility-Oriented Role-Centric In","Xu-2023-IDADET_ Iterative Double-sided Auction","Yacob-2022-An Optimal Incentive Mechanism for","Yang-2022-Reputation Mechanism Designed for Bl","Yao-2019-Resource trading in blockchain-based","Zhang-2019-VeSenChain_ Leveraging consortium b","Zhang-2022-A Blockchain Enhanced Coexistence o","Zhao-2019-Coalition Game-Based Computation Res","Zhou-2018-Blockchain and Edge Computing Based","Zhou-2020-Secure and Efficient Vehicle-to-Grid","Zou-2021-Reputation-based regional federated l"
18,"Alefs-2022-Secure Decentralized Online Gaming","Arif-2021-A Scoring System for Multiplayer Gam","Arnedo-Moreno-2022-Research opportunities in t","Barreiro-Gomez-2019-Blockchain token economics","Blockchain for Business - 2021 - Tyagi - Ether","Burkert-2022-Decentralized Online Multiplayer","Cai-2019-Demo Abstract_ An Interoperable Avata","Chen-2020-Blockchain and the Feature of Game D","Chen-2021-Detecting Smart Contract Loopholes B","Chen-2022-A New NFT Model to Enhance Copyright","Daian-2020-Flash boys 2.0_ Frontrunning in dec","Danos-2021-Revisiting the liquidity_risk trade","Delfabbro-2022-Understanding the mechanics and","Fan-2022-CryptoArcade_ A Cloud Gaming System w","Fowler-2021-Tokenfication - The potential of n","Guidi-2022-Sleepminting, the brand new frontie","Guidi-2022-Social games and Blockchain_ explor","Gupta-2022-Gene Determination Algorithm_ A Blo","Hari-2023-T-PASS_ A Blockchain-based NFT Enabl","Heimbach-2022-Eliminating Sandwich Attacks wit","Jiang-2022-Economic Analysis of Loot Box Marke","Jiang-2022-Towards Understanding Player Behavi","Karapapas-2021-Fully Decentralized Trading Gam","Karapapas-2022-Decentralized NFT-based Evolvab","Kirillov-2022-Rental NFT Protocol With Advance","Komiya-2019-Increasing Motivation for Playing","Kraft-2022-Horizontal Scalability of Blockchai","Latifi-2019-Blockchain-based real estate marke","Lee-2019-Is a Blockchain-Based Game a Game for","Lin-2022-A Peek at Metaverse Society from Web","Liu-2022-Ready Raider One_ Exploring the Misus","Min-2019-Blockchain games_ A survey","Muthe-2020-A Blockchain Based Decentralized Co","Nadini-2021-Mapping the NFT revolution_ market","Paajala-2022-Users’ Perceptions of Key Blockch","Papathanasiou-2023-R_ddle_ A Fully Decentraliz","Pfeiffer-2020-Blockchain Technologies and Game","Posavec-2022-Non-Fungible Tokens_ Might Learni","Pradana-2022-A Multi-Criteria Recommender Syst","Rahrouh-2022-The Potential Application of NFT","Ruan-2021-Catfish Effect Between Selfish Miner","Saeidnia-2023-Non-fungible tokens (NFT)_ a saf","Sai-2019-Disincentivizing double spend attacks","Sako-2021-Fairness in ERC Token Markets_ A Cas","Scholten-2019-Ethereum crypto-games_ Mechanics","Serada-2020-Why Is CryptoKitties (Not) Gamblin","Serada-2021-Vintage CryptoKitties and the Ques","Serada-2022-Fairness by Design_ The Fair Game","Shanmuga Skandh-2022-Analysis of Cryptocurrenc","Smith-2022-The Spectacular Collapse of Cryptok","Thenjono-2022-The Business Prospect in Metaver","Vairagade-2022-Proposal on NFT Minter for Bloc","Valeonti-2021-Crypto collectibles, museum fund","Wang-2019-Rhythm dungeon_ A blockchain-based m","Wang-2022-Attention Economy in Metaverse_ An N","Wang-2022-Toward Understanding Attention Econo","Wu-2020-Infinity Battle_ A Glance at How Block","Yaklai-2020-An architecture for game to game d","Yao-2022-Freedom and Restraint in Dark Forest_","Yilmaz-2022-Examining the Use of Non-fungible","Ying-2023-DVIT—A Decentralized Virtual Items T","Zhao-2020-CloudArcade_ A blockchain empowered","Zheng-2022-Multimodal Learning for Improved NF","Zhou-2021-High-frequency trading on decentrali","da Silva-2021-Real and Virtual Token Economy A"
19,Asheralieva-2020-Distributed Dynamic Resource,Baek-2020-Privacy-preserving and trustworthy d,Bai-2022-Trustworthy Blockchain-Empowered Coll,Cai-2020-A Blockchain-Based Crowdsourcing Syst,Cao-2022-Credible and economic multimedia serv,Chen-2019-Cooperative and Distributed Computat,Du-2020-Optimal Computation Resource Allocatio,Fan-2020-Stackelberg game based edge computing,Fan-2021-Cloud_Edge Computing Resource Allocat,Fan-2021-Three-stage Stackelberg game based ed,Fang-2021-Joint Distributed Cache and Power Co,Fu-2020-Integrated Resource Management for Ter,Guo-2020-Edge Network Resource Synergy for Mob,Guo-2021-Incentive Mechanism Design for Blockc,Gupta-2021-Block-D2D_ Blockchain-enabled Coope,Hassija-2020-A Blockchain based Framework for,Hassija-2020-A blockchain-based framework for,Hassija-2021-A mobile data offloading framewor,Hewa-2023-Blockchain and Game Theory Convergen,Huang-2020-Securing parked vehicle assisted fo,Huang-2021-Blockchain-Enabled Task Offloading,Huang-2021-Stackelberg Game Based Resource Pri,Huang-2022-Edge Resource Pricing and Schedulin,Hui-2022-BCC_ Blockchain-Based Collaborative C,Jameel-2021-Efficient Mining Cluster Selection,Jiang-2019-Hierarchical edge-cloud computing f,Jiang-2022-Multi-Leader Multi-Follower Stackel,Jing-2023-Joint resource trading and computati,Khan-2022-A Survey on Mobile Edge Computing fo,Kirabo-2017-Neuregulin-1β induces proliferatio,Kwantwi-2023-Blockchain-Based Computing Resour,Lang-2022-Cooperative Computation Offloading i,Lei-2022-GBRM_ a graph embedding and blockchai,Li-2021-NOMA-Enabled Cooperative Computation O,Li-2022-Edge Blockchain Construction Efficienc,Liang-2022-Resource Competition in Blockchain,Lin-2021-Blockchain-Based On-Demand Computing,Lin-2022-Blockchain-Based Incentive Energy-Kno,Liu-2018-Resource Allocation for Video Transco,Liu-2019-Decentralized Resource Allocation for,Nguyen-2023-Cooperative Task Offloading and Bl,Qiu-2019-Online deep reinforcement learning fo,Seid-2022-Blockchain-Enabled Task Offloading W,Seid-2023-Blockchain-Empowered Resource Alloca,Seng-2021-User Matching on Blockchain for Comp,Su-2021-A Cooperative Game Theory and Blockcha,Sun-2022-Against Colluding Mining with Reward,Sun-2022-Joint Mining Offloading and Computing,Tötzer-2019-Blockchain as a game changer in en,Wadhwa-2022-Optimal Resource Allocation by Rev,Wang-2019-Blockchain-based resource allocation,Wang-2022-A Game for Task Offloading in Reputa,Wang-2022-Mean-Field Learning for Edge Computi,Wei-2020-Block Mining or Service Providing_ A,Wilczynski-2021-Security aspects in blockchain,Wu-2018-Optimal computational power allocation,Wu-2020-An Effective Resource Allocation Appro,Wu-2020-Revenue-sharing based computation-reso,Xiao-2022-Consortium Blockchain-Based Computat,Xiong-2022-Delay-Aware Cooperative Caching for,Xu-2018-Game theoretic study on blockchain bas,Yang-2022-Joint Optimization of Edge Computing,Yang-2022-Two-Level Stackelberg Game for IoT C,Zhang-2018-Energy-Aware Task Offloading for Ul,Zhang-2019-Joint Computation Offloading and Co,Zhang-2019-Mining task offloading in mobile ed,Zhang-2021-Resource sharing of mobile edge com,Zhang-2022-Computing Resources Sharing Network,Zhao-2020-A robust incentive consensus propaga,Zheng-2020-Blockchain-Based Vehicular Collabor,Zuo-2020-Computation Resource Allocation in Mo,Zuo-2021-Blockchain Storage and Computation Of,Zuo-2021-Computation Offloading in Untrusted M,Zuo-2021-Delay-Limited Computation Offloading
20,"1912.06412","Aponte-Novoa-2021-The 51% Attack on Blockchain","Arenas-2020-Cryptocurrency mining games with e","Badertscher-2021-A Rational Protocol Treatment","Ballard-2020-Blockchain_ The facts and fiction","Bentov-2021-Tortoise and Hares Consensus_ The ","Bhattacherjee-2023-Voting Games to Model Proto","Bhudia-2022-Extortion of a Staking Pool in a P","Biais-2019-The Blockchain Folk Theorem","Boreiri-2022-A Novel Consensus Protocol in Blo","Cao-2019-Application of ZD strategy in mining","Chang-2019-Uncle-block attack_ Blockchain mini","Chang-2020-Dynamic power control for rational","Chatterjee-2018-Ergodic mean-payo games for th","Chen-2020-Decentralized mining pool games in b","Chen-2021-Evolutionary Equilibrium Analysis fo","Chen-2021-Impact of Temporary Fork on the Evol","Cheng-2019-Mining strategies for completing th","Cheng-2021-The evolutionary equilibrium of blo","Di Stefano-2020-Resolution of Blockchain Confl","Di-2019-The Consensus Games for Consensus Econ","Di-2020-The Framework of Consensus Equilibria","Elliott-2019-Nash Equilibrium of Multiple, Non","Ferreira-2021-Proof-of-Stake Mining Games with","Fooladgar-2020-On Incentive Compatible Role-Ba","Fujita-2020-Mining Pool Selection Problem in t","Fujita-2021-Mining pool selection under block","Goren-2019-Mind the mining","Hu-2019-A game theoretic analysis on block wit","Huang-2020-Incentive Assignment in PoW and PoS","Huang-2021-Do the Rich Get Richer_ Fairness An","Ilie-2021-Unstable throughput_ When the diffic","Jebari-2022-Analysis of Blockchain Selfish Min","Jeyasheela Rakk-2022-Comprehensive overview on","Jiang-2019-Bitcoin mining with transaction fee","Jiang-2020-A game-theoretic approach to storag","Jiang-2020-Game theoretic storage outsourcing","Jiang-2021-On Game-theoretic Computation Power","Kaci-2020-PoolCoin_ Toward a distributed trust","Kaci-2020-Toward a Machine Learning and Softwa","Kano-2017-A new approach to mining work in blo","Kano-2018-An alternative approach to blockchai","Kara-2021-A compute and wait in pow (Cw-pow) c","Kiayias-2016-Blockchain mining games","Kiayias-2021-Coalition-safe equilibria with vi","Kiffer-2021-HaPPY-Mine_ Designing a Mining Rew","Kim-2018-A Novel Bitcoin Mining Scheme Based o","Kim-2019-Mining Pool Manipulation in Blockchai","Koutsoupias-2019-Blockchain mining games with","Kraner-2022-Agent-based Modelling of Bitcoin C","Kumar-2020-Proof of Game (PoG)_ A game theory","Lamiri-2019-Bitcoin difficulty, a security fea","Lee-2020-Proof-of-stake at stake_ Predatory, d","Leelavimolsilp-2019-Selfish Mining in Proof-of","Leonardos-2020-Oceanic Games_ Centralization R","Leva-2019-Control-oriented modelling of proof-","Li-2020-Mining Pool Game Model and Nash Equili","Li-2020-Rational Protocols and Attacks in Bloc","Li-2021-The Miner's Dilemma with Migration","Li-2022-The Miner&#x2019;s Dilemma With Migrat","Liu-2018-Evolutionary game for mining pool sel","Liu-2019-A Survey on Blockchain_ A Game Theore","Liu-2019-Decentralization is Vulnerable Under","Luu-2015-On Power Splitting Games in Distribut","Mai-2023-Cloud Mining Pool Aided Blockchain-En","Mirkin-2020-BDoS_ Blockchain Denial-of-Service","Motaqy-2021-Bet and Attack_ Incentive Compatib","Motepalli-2021-Reward Mechanism for Blockchain","Nguyen-2019-Proof-of-Stake Consensus Mechanism","Nguyen-2021-Blockchain-based Secure platform f","Nguyen-2023-FedChain_ Secure Proof-of-Stake-ba","Nojoumian-2019-Incentivizing blockchain miners","Okada-2022-Sending Spies as Insurance Against","Ovezik-2022-Decentralization Analysis of Pooli","Park-2018-SpaceMint_ A Cryptocurrency Based on","Pass-2017-FruitChains_ A fair blockchain","Ray-2018-A Mechanism Design Approach to Blockc","Samanta-2021-Quantified Analysis of Security I","Shi-2021-Fee-Free Pooled Mining for Countering","Singh-2020-A game theoretic analysis of resour","Sun-2019-Moral hazard in games of miners (shor","Tang-2020-Cooperative Mining in Blockchain Net","Tang-2020-Incentivizing Honest Mining in Block","Toda-2021-Game-Theoretic Approach to a Decisio","Tsabary-2018-The gap game","Tyagi-2022-Game Theory-Based Proof of Stake Mi","Uz Zaman-2020-Decentrally-consented-server-bas","Wang-2019-A Survey on Consensus Mechanisms and","Wang-2019-Pool strategies selection in pow-bas","Wang-2021-Game-Theoretical Analysis of Mining","Wang-2022-A Platform-Free Proof of Federated L","Wang-2022-Arbitrage Attack_ Miners of the Worl","Wang-2022-Blockchain-based multi-malicious dou","Wang-2022-PoTA_ A hybrid consensus protocol to","Wang-2022-SDoS_ Selfish Mining-Based Denial-of","Wang-2023-Dissecting Mining Pools of Bitcoin N","Wen-2022-Exploration of Mined Block Temporaril","Wen-2022-Optimal Block Propagation and Incenti","Winzer-2019-Temporary censorship attacks in th","Wu-2022-Committee Selection Based on Game Theo","Xu-2019-MWPoW_ Multiple Winners Proof of Work","Xu-2020-Dynamic Selection of Mining Pool with","Yang-2020-IPBSM_ An optimal bribery selfish mi","Yao-2022-Equilibrium Analysis of Block Withhol","Yu-2020-Game Theoretic Analysis of Reputation","Yuan-2022-Edge mining resources allocation amo","Yuen-2019-Proof-of-play_ A Novel Consensus Mod","Zhang-2022-Insightful Mining Equilibria","Zhen-2017-Zero-determinant strategy for the al","Zheng-2019-New Game-Theoretic Analysis of DDoS","Zolotavkin-2019-Incentives for stable mining i","Zolotavkin-2019-Time-dependent decision-making"
21,"Abate-2021-SSProve_ A Foundational Framework f","Agrawal-2017-Stronger security for reusable ga","Agrawal-2019-Attribute Based Encryption (and m","Agrawal-2020-Adaptive Simulation Security for","Alwen-2012-Collusion-preserving computation","Alwen-2021-Modular Design of Secure Group Mess","Arapinis-2021-Astrolabous_ A Universally Compo","Bai-2016-Improved reduction from the bounded d","Balli-2020-Determining the Core Primitive for","Baum-2016-How to prove knowledge of small secr","Bhattacharyya-2023-Subversion Resilient Hashin","Bitansky-2013-Why _Fiat-Shamir for proofs_ lac","Braverman-2019-Optimal short-circuit resilient","Braverman-2022-Optimal Short-Circuit Resilient","Broadbent-2020-Towards quantum one-time memori","Broadbent-2021-Towards quantum one-time memori","Broadnax-2021-Environmentally Friendly Composa","Brzuska-2014-Using indistinguishability obfusc","Budiman-2020-A Crypto Compression System Using","Canetti-2012-Universally composable security w","Chatzigiannis-2022-Homomorphic Decryption in B","Chen-2020-Application of Homomorphic Encryptio","Chen-2022-Searching for Encrypted Data on Bloc","Chhatrapati-2022-A Performance Evaluation of P","Chongchitmate-2017-Resettably-sound resettable","Ciampi-2022-FairMM_ A Fast and Frontrunning-Re","Ciet-2004-Transient fault induction attacks on","Dachman-Soled-2014-A black-box construction of","David-2018-21 - Bringing down the complexity_","Du-2022-Enhancing Cryptocurrency Blocklisting_","Elumar-2021-On the Connectivity and Giant Comp","Fouque-2004-Blockwise Adversarial Model for On","Frankel-1995-Cryptanalysis of the immunized LL","Gama-2007-New chosen-ciphertext attacks on NTR","Gambs-2015-The crypto-democracy and the trustw","Ganesh-2022-Secure Auctions in the Presence of","Gao-2019-BFR-MPC_ A blockchain-based fair and","Garay-2020-Resource-Restricted Cryptography_ R","Glaeser-2022-Foundations of Coin Mixing Servic","Guan-2022-Fair Outsourcing Polynomial Computat","Guo-2022-Labrador_ towards fair and auditable","Hussein-2006-Randomized cryptosystems attacks","Ishai-2012-On efficient zero-knowledge PCPs","Jafargholi-2017-Be adaptive, avoid overcommitt","Kamath-2021-On Treewidth, Separators and Yao’s","Kanth-2022-Blockchain-based Authenticated Steg","Kozachinskiy-2020-Multiparty Karchmer - Wigder","Kumaresan-2015-How to use bitcoin to play dece","Kırlar-2018-A game-theoretical and cryptograph","Lin-2018-An ID-Based Linearly Homomorphic Sign","Liu-2017-Quantum security analysis of a lattic","Liu-2020-Game Theoretic Approach for Secure an","Lu-2019-On enabling machine learning tasks ato","Lu-2020-Generic superlight client for permissi","Luong-2023-Privacy-Preserving Identity Managem","Maji-2021-Computational Hardness of Optimal Fa","Mittelbach-2013-Cryptophia's short combiner fo","Mittelbach-2014-Salvaging indifferentiability","Naito-2016-New bounds for keyed sponges with e","Nelaturu-2020-On Public Crowdsource-Based Mech","Oh-2022-A Secure Personal Health Record Sharin","Qiu-2022-Fine-grained Access Control Method fo","Rottondi-2017-A privacy-friendly gaming framew","Sahai-2011-Fully secure accountable-authority","Sepehri-2017-Efficient implementation of a pro","Simic-2020-A review on generating random numbe","Stengele-2018-Atomic Information Disclosure of","Ventre-2008-Completely non-malleable encryptio","Wei-2016-Simple and fast identity-based encryp","Wu-2018-Fair electronic voting via bitcoin dep","Xiao-2021-Secure and Efficient Multi-Signature","Xu-2021-Chosen-Ciphertext Secure Key Encapsula","Yang-2018-Decentralized blacklistable anonymou","Yasuda-2012-PMAC with parity_ Minimizing the q","Yu-2019-Re-thinking untraceability in the cryp","Yuan-2013-Public key timed-release searchable","Zhang-2014-A new multivariate based threshold","Zhu-2022-Traceable Scheme of Public Key Encryp"
22,Afzal-2020-Blockchain enabled distributed dema,Aggarwal-2022-PETS_ P2P Energy Trading Schedul,Ali-2020-Efficient and Secure Energy Trading i,Barnawi-2023-Path Planning for Energy Manageme,Bhattacharya-2022-EVBlocks_ A Blockchain-Based,Bhattacharya-2022-Incentive Mechanisms for Sma,Chau-2019-Peer-to-peer energy sharing_ Effecti,Chen-2020-Loaning Decision for Electric Vehicl,Chen-2021-Distributed Power Trading System Bas,Cui-2020-Prosumer community_ A risk aversion e,Damisa-2022-Blockchain-Based Gas Auctioning Co,Das-2022-A Review of Challenges and Solution i,Djehiche-2019-Mean-field-type games for blockc,Doan-2021-Peer-to-peer energy trading in smart,Döbelt-2020-Peer-to-Peer Traded Energy_ Prosum,Edussuriya-2023-Peer-to-Peer Energy Trading th,Ferreira-2018-Building a community of users fo,Fu-2019-Research on micro-grid group intellige,Fu-2020-Research on Block-Chain-Based Intellig,Ghosh-2019-Strategic Prosumers_ How to Set the,Guo-2020-Blockchain-enabled demand response sc,Hassija-2020-A Blockchain-Based Framework for 3,Hassija-2020-A blockchain-based framework for 2,He-2022-Combined game model and investment dec,Hu-2022-Research on Multimicrogrid Transaction,Hua-2023-Blockchain Enabled Decentralized Loca,Huang-2023-Blockchain-enabled Carbon and Energ,Ji-2022-Selection Game for Consensus-Based Dec,Kajaan-2021-Review of Market Clearing Method f,Kakkar-2022-Blockchain and IoT-Driven Optimize,Karandikar-2020-RenewLedger _ Renewable energy,Krayem-2023-A game-theoretic approach to asses,Li-2019-A Blockchain-based Distributed Non-coo,Li-2019-Decentralized On-Demand Energy Supply,Li-2021-Blockchain-based Dynamic Game of Elect,Li-2021-Electric Vehicle Peer-to-Peer Energy T,Li-2022-Research on key technologies of P2P tr,Liang-2022-V2GNet_ Robust Blockchain-Based Ene,Liu-2020-Microgrid Trading Game Model Based on,Liu-2020-Multi-party energy management of ener,Liu-2021-Electricity market transaction model,Liu-2023-Blockchain-Based Renewable Energy Tra,Luo-2022-Blockchain-Enabled Two-Way Auction Me,Makhsoos-2022-Designing a High Performance and,Morstyn-2019-Designing decentralized markets f,Okoye-2022-Adopting the Game Theory Approach i,Ouyang-2021-Research on new energy trading sys,Sabounchi-2017-Towards resilient networked mic,Sabounchi-2018-A Decentralized P2P Electricity,Said-2021-A Decentralized Electricity Trading,Samadi-2021-Energy Blockchain for Demand Respo,Samuel-2020-Leveraging blockchain technology f,Saukh-2018-Synchronization Games in P2P Energy,Stephant-2020-Increasing Photovoltaic Self-con,Stephant-2021-Increasing photovoltaic self-con,Tian-2022-Design of Joint Trading Platform for,Tushar-2020-Peer-to-Peer Trading in Electricit,Wang-2022-Blockchain-Based Intelligent Interco,Wu-2018-Game mechanism design of smart contrac,Xu-2019-Microgrid group trading model and solv,Xue-2022-Research on cooperation strategy betw,Yan-2021-Blockchain for Transacting Energy and,Yang-2020-Automated Demand Response Framework,Yang-2021-Design of Double-chain Blockchain Ar,Yang-2022-Hierarchical Blockchain Design for D,Yu-2018-Design and implementation of a blockch,Yuan-2022-Study on Game Behavior of Power Supp,Yun-2021-Residential energy trading with block,Zade-2022-Evaluating the added value of blockc,Zhang-2022-Demand-Response Games for Peer-to-P,Zhang-2023-Local power consumption method of d,Zhao-2019-Consortium blockchain-based microgri,Zhao-2022-A Secure Intra-Regional-Inter-Region,Zhou-2020-Blockchain Based Potential Game Mode,Zhou-2022-Energy Block Chain Trading Mechanism
23,"10.3934%2Fjimo.2022087","Adamashvili-2021-Blockchain-based wine supply","Behl-2022-Assessing retailer readiness to use","Brache-2021-Relational Capital and Blockchain_","Cao-2022-Optimal Operation Policies in a Cross","Cheng-2021-Traceability Management Strategy of","Choi-2022-On-Demand Ride-Hailing Service Platf","Ding-2022-Optimal Decision and Coordination of","Guo-2021-Optimized Combination of e-commerce P","Guo-2022-Supply Chain Governance of Agricultur","Guo-2022-The Marketing of Cross-border E-comme","Guo-2023-Applications of Blockchain Technology","Hassija-2019-BlockCom_ A blockchain based comm","Hayrutdinov-2020-Coordination of Supply Chain","Hellwig-2022-Playing with DISASTER_ A Blockcha","Hrušovský-2022-Battling the Bullwhip Effect wi","Hu-2021-Blockchain or not_ Optimal decisions f","Huo-2022-Evolutionary Game Analysis of Standar","Jia-2022-To EVM or Not to EVM_ Blockchain Comp","Jiang-2022-Research on carbon emission reducti","Ko-2018-Blockchain technology and manufacturin","Ko-2023-Supply chain transparency as a signal","Kong-2020-Game Studies on Accounting Entity Be","Kumar-2022-Evolving Role of Sustainable Procur","Lee-2019-Economic analysis of blockchain techn","Li-2022-Research on Green Supply Chain Decisio","Liao-2022-Governmental Anti-Pandemic and Subsi","Liu-2021-Analysis of Accounting Fraud in Enter","Liu-2021-Evolutionary game analysis of Chinese","Liu-2021-Pricing and coordination of vaccine s","Liu-2021-Supply Chain Decision Model Based on","Liu-2022-The provision strategy of blockchain","Lotfi-2021-Viable Supply Chain Network Design","Lotfi-2022-Resource-constrained time–cost-qual","Lotfi-2022-Viable supply chain with vendor-man","Luo-2022-E-commerce supply chains with conside","Luo-2022-Information Sharing Game and Value An","Ma-2022-Research on optimization of food suppl","Pranesh-2020-Design and Analysis of Incentive","Rabieinejad-2021-Blockchain-based E-commerce f","Sodamin-2022-Fair Label versus Blockchain Tech","Song-2022-Blockchain Adoption in Agricultural","Song-2022-Blockchain’s role in e-commerce sell","Song-2023-Impact of Government Subsidies, Comp","Sun-2021-Mechanism analysis of applying blockc","Sun-2023-Strategy Analysis of Fresh Agricultur","Tan-2022-The Safe Financial Processing Method","Violino-2019-Are the innovative electronic lab","Wang-2020-A Secure and Credible Supply Chain S","Wang-2022-Recycling Model Selection for Electr","Wu-2023-Platform-leading blockchain adoption f","Xiaocong-2021-Optimization of biomass collecti","Xie-2022-Research on Evolutionary Game of Supp","Xu-2022-Differential Game Model of Information","Xu-2023-What influences stakeholders' decision","Yang-2022-BLOCKCHAIN-BASED COLLABORATIVE MANAG","Yang-2022-Decisions for Blockchain Adoption an","Ye-2022-Early Adopter or Follower&#x003F; The","Yin-2021-Research on Resource Carbon Emission","Zhang-2022-Optimal Pricing Decisions for Dual-","Zheng-2022-Retraction Note_ Blockchain-based i","Zheng-2022-Supply chain quality level decision","Zheng-2023-Blockchain Traceability Adoption in","Zhou-2022-Information Disclosure Decision for"
24,Arif-2023-Decentralized recommender system for,Chen-2021-SmartStore_ A blockchain and cluster,Chen-2021-Trusted audit with untrusted auditor,Elarabany-2022-Evaluating anti-obesity potenti,Gupta-2022-Integration of blockchain with emer,Liao-2018-Inkjet-Printed Random Lasers,Machine Learning Approach for Cloud Data Analy,Pilipenko-2019-GABA-containing compound gammap,Quantum Blockchain - 2022 - Dhanaraj - Post%E2,Revolutionizing Tropical Medicine - 2019 - Atk,Wang-2022-STSIIML_ Study on token shuffling un
25,Biström-2015-Taxonomic revision of afrotropica,Makiyama-1965-On some problems concerning the
